insert into Category(CAT_NAME) values('Sport');
insert into Category(CAT_NAME) values('Electronics');
insert into Category(CAT_NAME) values('Books');
insert into Category(CAT_NAME) values('Cosmetics');
insert into Category(CAT_NAME) values('Musical');
insert into Category(CAT_NAME) values('Cloths');

insert into RequestedCard(cardHolder,cardNum,cardType,expiration,purchaseAmount,securityCode) values (' Alexander', '4024007159133726','visa','2019-1-10',25000.00,'728') ;
insert into RequestedCard(cardHolder,cardNum,cardType,expiration,purchaseAmount,securityCode) values ('Michael', '5168238142475303','master','2018-10-10',49500.00,'293') ;
insert into RequestedCard(cardHolder,cardNum,cardType,expiration,purchaseAmount,securityCode) values ('Mason', '4485175583119959','visa','2019-1-2',5949.00,'201') ;
insert into RequestedCard(cardHolder,cardNum,cardType,expiration,purchaseAmount,securityCode) values ('Aiden', '5430047294068473','master','2020-10-10',7599.00,'213') ;


insert into Address(city,state,street,zipcode) values ('fairfield','IA','1000 N 4th',525);
insert into Address(city,state,street,zipcode) values ('Pitsburgh','PA','Beacon Hill',119);
insert into Address(city,state,street,zipcode) values ('Irving','Tx','501 N W Stone',787);
insert into Address(city,state,street,zipcode) values ('Irving','Tx','601 N W Stone',334);

insert into VENDOR(OWNER_NAME,VENDOR_NAME,address_id,requestedCard_id) values ('Alexander', 'Prood Online',1,1);
insert into VENDOR(OWNER_NAME,VENDOR_NAME,address_id,requestedCard_id) values ('Michael', 'Go Prood',2,2);
insert into VENDOR(OWNER_NAME,VENDOR_NAME,address_id,requestedCard_id) values ('Mason', 'Prood Web',3,3);
insert into VENDOR(OWNER_NAME,VENDOR_NAME,address_id,requestedCard_id) values ('Aiden', 'Prood World',4,4);


insert into Product (ProductName,ProductPrice,ProductQuantity,category_CAT_ID,vendor_VENDOR_SN,lockNumber,maxPerCustomer,image_link,description) values ('Apple MacBook MMGM2LL/A 12-Inch Laptop (1.2GHz Dual Core Intel m5, 8GB RAM, 512GB HD with Retina Display, 512 GB, OS X), Rose Gold',40,100,4,1,0,10,'https://images-na.ssl-images-amazon.com/images/I/51P8gX%2BAUyL.jpg','12.0-inch TFT LED-backlit Active-Matrix Retina Display with IPS Technology, 2304 x 1440 pixel resolution (~226ppi pixel density)Wireless LAN 802.11a/b/g/n/ac; Bluetooth: v4.0; Ports: USB v3.1 x1 (Gen 2 Type-C), Display Port x1, Audio Port x178-Key Full Size Keyboard, Multi-touch Gestures, Force Touch Trackpad and Built-in 39.7 watt-hour lithium-polymer battery - Up to 9 hours of wireless wed usage1.2 GHz Dual-Core Intel Core M5 Processor (Turbo Boost up to 3.1 GHz) with 4 MB shared L3 cache and8 GB of 1866 MHz LPDDR3 RAM; 512 GB PCIe-based onboard flash storag Intel HD Graphics 515,8 GB of 1866 MHz LPDDR3 RAM;512 GB PCIe-based onboard flash storage and 12-Inch IPS LED-backlit Display; 2304-by-1440 Resolution OS X El Capitan; USB-C Port Only.PEASE NOTE: This MacBook has a single USB-C ');
insert into Product(ProductName,ProductPrice,ProductQuantity,category_CAT_ID,vendor_VENDOR_SN,lockNumber,maxPerCustomer,image_link,description) values ('HP 14-an013nr 14-Inch Notebook (AMD E2, 4GB RAM, 32 GB Hard Drive',200,50,2,2,0,10,'http://ssl-product-images.www8-hp.com/digmedialib/prodimg/lowres/c05059975.png','14.0-inch diagonal Full HD IPS UWVA Brightview WLED-backlit (1920x1080)AMD E2-7110 QC, 1.8GHz, Quad-Core Processor4 GB DDR3L-SDRAM Memory 32GB Solid State Drive Windows 10 Home');
insert into Product(ProductName,ProductPrice,ProductQuantity,category_CAT_ID,vendor_VENDOR_SN,lockNumber,maxPerCustomer,image_link,description) values ('Apple iPhone 6s 16GB Unlocked GSM 4G LTE Smartphone w/12MP Camera - Rose Gold (Certified Refurbished)',470,30,2,3,0,10,'https://images-na.ssl-images-amazon.com/images/I/51XLUNb5xmL.jpg','A Certified Refurbished product has been tested and certified to work and look like new, with minimal to no signs of wear, by a manufacturer or specialized third-party seller approved by Amazon. The product is backed by a minimum 90-day warranty, and may arrive in a generic brown or white box with generic accessories.Comes with Easy to use iOS 9 with refinements at every level from the apps you see on your Home screendownto the foundation of the systemThis Certified Refurbished product is tested and certified to look and work like new. The refurbishing process includes functionality testing,basic cleaning, inspection, and repackaging. The product ships with all relevant accessories, a minimum 90-day warranty, and may arrive in a generic box with generic accessories. Only select sellers who maintain a high performance bar may offer Certified Refurbished products on Amazon.comWi-Fi 802.11 a/b/g/n/ac, dual-band, Wi-Fi hotspot, Bluetooth: v4.2, A2DP, LE, USB: v2.0, reversible connector, GPS: with A-GPS, GLONASSBrowser: HTML (Safari), Messaging: iMessage, SMS (threaded view), MMS, Email, Push Email. iPhone 6s is powered by the custom-designed 64-bit A9 chip.- delivers 70% more CPU performance.');

insert into Product(ProductName,ProductPrice,ProductQuantity,category_CAT_ID,vendor_VENDOR_SN,lockNumber,maxPerCustomer,image_link,description) values ('Lakme Enrich Satin Lip Color 4.4 ml (147) + Free Gifts + Free Shipping - by Indian Goodness',10,50,4,3,0,10,'https://images-na.ssl-images-amazon.com/images/I/41Ld8iGywaL._AC_UL246_SR190,246_.jpg','Lakme Enrich Satin Lip Color 4.4 ml (147) + Free Gifts + Free Shipping - by Indian Goodness');
insert into Product(ProductName,ProductPrice,ProductQuantity,category_CAT_ID,vendor_VENDOR_SN,lockNumber,maxPerCustomer,image_link,description) values ('makeitmint Womens Zip Up Military Anorak Jacket w/ Hood [S-3XL]',50,50,6,2,0,10,'https://images-na.ssl-images-amazon.com/images/I/411JR44UVlL._AC_UL260_SR200,260_.jpg','[YJH0018][YJH0021][YJH0029] Cotton100% / Machine wash cold. Gentle cycle. Do not bleach. Tumble dry medium.[YJH0006] Outer Shell: Cotton100% Lining: Polyester100% / Machine wash cold. Do not bleach. Hang dry.[YJH0024] Shell1: Cotton100% Shell2: Cotton60% Polyester40% / Hand wash cold. Do not bleach. Dry flat. Iron low.Color Disclaimer: Monitor settings or monitor pixel definitions may affect the color you see on your screen.Although we strive to display the colors as accurate as possible, please understand that we cannot guarantee the exact color of the actual product.Please check the measurement below as the item might run small/big.');
insert into Product(ProductName,ProductPrice,ProductQuantity,category_CAT_ID,vendor_VENDOR_SN,lockNumber,maxPerCustomer,image_link,description) values ('Savane Mens Big & Tall Sharkskin Dress Pant',30,50,6,2,0,10,'https://images-na.ssl-images-amazon.com/images/I/81kVPFGu5rL._UX522_.jpg','88% Polyester, 12% Rayon Imported Machine Wash Flat-front dress pant in sharkskin featuring Comfort Flex-Waist Technology and permanent creaseFrench fly with zip closure');
insert into Product(ProductName,ProductPrice,ProductQuantity,category_CAT_ID,vendor_VENDOR_SN,lockNumber,maxPerCustomer,image_link,description) values ('Richie House Little Big Girls Long Dress or Bolero with Pearls Size 3-12',50,50,6,2,0,10,'https://images-na.ssl-images-amazon.com/images/I/519do9s9mWL.jpg','Shell: 100%polyester .Pearls embroidery on the top part Lining: 100%cotton.Braces long dress with tiered skirt bottom.Rosettes and tie sash at waist . Back zip closure SIZES FOR LITTLE AND BIG KIDS ARE BOTH AVAILABLE, PLEASE CHECK THE OTHER LISTING IN THE OTHER SIZE RANGE');
insert into Product(ProductName,ProductPrice,ProductQuantity,category_CAT_ID,vendor_VENDOR_SN,lockNumber,maxPerCustomer,image_link,description) values ('Lakme Insta-Liner Water Resistant Eyeliner 9ml from Lakme',5,100,4,2,0,10,'https://images-na.ssl-images-amazon.com/images/I/51x3CNTUSAL._SX522_.jpg','EyelinerLightweight and comfortable eye make-up for perfect definitionIt is water-resistant formula that ensures no smudging or smearingIt is deep intense color that does not fade.');
insert into Product(ProductName,ProductPrice,ProductQuantity,category_CAT_ID,vendor_VENDOR_SN,lockNumber,maxPerCustomer,image_link,description) values ('Lakme Enrich Satin Lip Color 4.4 ml (147) + Free Gifts + Free Shipping - by Indian Goodness',10,50,4,2,0,10,'https://images-na.ssl-images-amazon.com/images/I/41Ld8iGywaL._AC_UL246_SR190,246_.jpg','Lakme Enrich Satin Lip Color 4.4 ml (147) + Free Gifts + Free Shipping - by Indian Goodness');

insert into Product(ProductName,ProductPrice,ProductQuantity,category_CAT_ID,vendor_VENDOR_SN,lockNumber,maxPerCustomer,image_link,description) values ('VR Headset Virtual Reality Goggles V2 by VR beatz - Deep Immersive Experience on 3D Movies & Games, Extra Ventilation, Light Weight & Comfortable, fits 4-6" iPhone Samsung Galaxy',30,100,2,1,0,10,'https://images-na.ssl-images-amazon.com/images/I/71dVSSxyhTL._SL1500_.jpg','DEEP IMMERSIVE EXPERIENCE - Featured wide angle oversized lens and the screen is magnified to theater sized screen with 3D IMAX like experience. It will give you an unlimited VR world, incredible visual fidelity and immersive feelingCRYSTAL CLEAR HD LENS, ADJUSTABLE - Equipped with highest quality High Definition HD lens for maximum clarity on your VR experience. Constructed with Anti-reflective material to reduce glares and enhance light penetration. Pupil distance and focal distance are easily adjustable to fit your visionEASY TO USE - Flip open cover to install your phone, and secured the position with our magic sticky pad. On the side there are ventilation holesto reduce heat for prolong use, and you can charge and use earphone at the same time through the ventsEXTRA VENTS - Ventilation on the front and both sides of the headset to remove heats. It also has a Removeable front cover to help cool down your smart phone while running intensive VR appsCOMPATIBLE WITH ANDRIOD & iPHONE IOS - Fits any 4-6 inch mobile smart phones. This VR headset will fit iPhone 6S 6 Plus 5C 5S 5Samsung Galaxy S7 S6 edge Note 4 3 LG G3 SONY Xperia Z3 + HTC One M9 etc');
insert into Product(ProductName,ProductPrice,ProductQuantity,category_CAT_ID,vendor_VENDOR_SN,lockNumber,maxPerCustomer,image_link,description) values ('Lakme Fruit Blast Face Wash - Strawberry 100g',5,50,4,1,0,10,'https://images-na.ssl-images-amazon.com/images/I/51s9TwIfs5L._SX522_.jpg','Herbally infused Ayurvedic Facial Wash - Infused with Strawberry extract Strawberry extract - Toning & Nourishing - Rich with essential vitamins - nourishes the skin - naturally anti-inflammatory - toning to the skin - improves complexion and restores vitality to the skin Rich with Vitamin C - natural Anti-oxidant - scavenges free radicals that contribute to premature signs of aging and the deterioration of the skin - protects against environmental pollutants Ayurveda Face wash infused with Strawberry extract to purify and tone the delicate skin of the face - anti-bacterial and anti-oxidant Herbal ingredients are safe and effective for all skin types');

insert into Product(ProductName,ProductPrice,ProductQuantity,category_CAT_ID,vendor_VENDOR_SN,lockNumber,maxPerCustomer,image_link,description) values ('Moto G (4th Generation) - Black - 16 GB - Unlocked',140,100,2,3,0,10,'https://images-na.ssl-images-amazon.com/images/I/61QfYbX8lwL._SL1000_.jpg','Fast 4G LTE speed, an up to 1.5 GHz octa-core processor, 2 GB of RAM, and a bright 5.5" full HD (1080p) display ensures videos and games run smoothly and look great Enjoy the best of Google Android 6.0 Marshmallow, including Google Play Store, Google Maps, Gmail and more Offers and ads, including personalized deals and recommendations, display on the phones lockscreen Take brilliant photos with the 13 MP HD camera or snap group shots with a 5 MP wide-angle selfie cam. Add up to 128 GB of additional storage with a microSD card The all-day battery includes TurboPower charging which provides up to 6 hours of use in just 15 minutes Unlocked and carrier-friendly, works with all major carrier networks domestically or abroad ');
insert into Product(ProductName,ProductPrice,ProductQuantity,category_CAT_ID,vendor_VENDOR_SN,lockNumber,maxPerCustomer,image_link,description) values ('Razer DeathAdder Chroma - Multi-Color Ergonomic Gaming Mouse - 10,000 DPI Sensor - Comfortable Grip - Worlds Most Popular Gaming Mouse',50,100,2,3,0,10,'https://images-na.ssl-images-amazon.com/images/I/71uzrB92egL._SL1316_.jpg','Perfectly designed to fit snugly under your palm, the ergonomic shape of the Razer DeathAdder Chroma gives gamers the most comfortable gaming experience ever, especially during the most testing of battles.The Razer DeathAdder Chroma is equipped with a 10,000dpi optical sensor. It is capable of mouse movement speeds of up to 200 inches per second and 50g acceleration.Whether your playing at fast or low speeds, the Deathadder Chroma will always respond onscreen with exacting accuracy and the organic fluidity only possible with an optical sensor.The Razer DeathAdder Chromas sensor is also capable of tracking Z-axis to as low as 1mm on most surfaces including glass table tops. This is perfect for low-sense gamers who want to set tracking to cut-off as soon as they lift their mice.Chroma lighting with 16.8 million customizable color options Whether you are in the mood for electric blue, pastel pink, or signature Razer green, you can now illuminate your Razer DeathAdder Chromas scroll wheel and Razer logo just the way you want.');
insert into Product(ProductName,ProductPrice,ProductQuantity,category_CAT_ID,vendor_VENDOR_SN,lockNumber,maxPerCustomer,image_link,description) values ('HAVIT HV-KB380L LED Backlit Wired Gaming Keyboard, Mechanical-Similar Typing Experience',40,100,2,3,0,10,'https://images-na.ssl-images-amazon.com/images/I/71EKfBXh-9L._SL1500_.jpg','Flexible removable keycaps, support DIY, constructed with floating keys, mechanical-similar typing/gaming experience LED backlit can be turn off, 4 Levels of Backlit Brightness and 10 levels of breathing rate options available; Easy-to-reach multimedia keys, Fn + F1-F12, provides multimedia controls for entertainment and email. Windows Key lock for gaming, 8 sets of anti-ghosting combination keys: it makes no conflict when each set of these keys is conducted. Plug and play. No driver needed, programming is not supported; Metal base and enhanced weight designed to keep your keyboard in place for better gaming experience; Gold-plated interface and magnet ring can to a large degree guarantees stable data transmitting. 2 stands on the back of keyboard can adjust the keyboard height Compatible with Windows Vista/Win7/Win8/Win10, MAC, Linux ((Note: Better choose the USB port locating on the back of the chassis instead of those on the front.)');
insert into Product(ProductName,ProductPrice,ProductQuantity,category_CAT_ID,vendor_VENDOR_SN,lockNumber,maxPerCustomer,image_link,description) values ('Xbox One Special Edition Covert Forces Wireless Controller',56,100,2,3,0,10,'https://images-na.ssl-images-amazon.com/images/I/61cuI4H2UdL._SL1212_.jpg','Compatible with the Xbox One S Console. Feel the action with Impulse Triggers. Vibration motors in the triggers provide precise fingertip feedback bringing weapons, crashes, and jolts to life for a whole new level of gaming realism. Now features a 3.5mm stereo headset jack that lets you plug your favorite gaming headset right into the controller D-pad design is responsive to both sweeping and directional movements. Grips and contours have been designed to fit a wider range of hand sizes comfortably. Contents: Wireless Controller and AA Batteries (2).');
insert into Product(ProductName,ProductPrice,ProductQuantity,category_CAT_ID,vendor_VENDOR_SN,lockNumber,maxPerCustomer,image_link,description) values ('SteelSeries Siberia 800 Wireless Gaming Headset with Dolby 7.1 Surround Sound for PC/Mac PS3/4 Xbox 360 and Apple TV (Formerly H Wireless)',42,100,2,3,0,10,'https://images-na.ssl-images-amazon.com/images/I/81RMoKinLJL._SL1500_.jpg','SteelSeries next-generation speaker drivers offer detailed highs, accurate midst and deliver that low bass Closed-back ear cups for superior accuracy, clarity, and detail Dolby virtual 7.1 surround sound technology places you in the game - for PC/Mac PS3/4 Xbox 360 and Apple TV Retractable, directional mic on gooseneck with mute indicating light Two hot-swappable Li-Ion batteries for unlimited play Sound Share lets you share the audio with a friend Click wheel enables control of the volume and menus from the ear cup Memory-foam ear cushions and headband padding with smooth-as-leather surfaces for comfortable fit');

insert into Product(ProductName,ProductPrice,ProductQuantity,category_CAT_ID,vendor_VENDOR_SN,lockNumber,maxPerCustomer,image_link,description)  values ('Intel Core i7 6700K 4.00 GHz Unlocked Quad Core Skylake Desktop Processor, Socket LGA 1151 [BX80662I76700K]',325,100,2,2,0,10,'https://images-na.ssl-images-amazon.com/images/I/71V53vTiVhL._SL1500_.jpg','SLGA 1151 Unlocked Processor. DDR4 & DDR3L Support Display Resolution up to 4096x2304 Intel Turbo Boost Technology Compatible with Intel 100 Series Chipset Motherboards. It does not include a fan');
insert into Product(ProductName,ProductPrice,ProductQuantity,category_CAT_ID,vendor_VENDOR_SN,lockNumber,maxPerCustomer,image_link,description)  values ('HP Envy Phoenix 860-030 Desktop (i7-5820K hexa-core Processor, 16 GB RAM, 3 TB HDD, NVIDIA GeForce GTX 745, Win10 Pro)',1399,100,2,2,0,10,'https://images-na.ssl-images-amazon.com/images/I/61NmGFvL9bL._SL1500_.jpg','Intel (R) Core(TM) i7-5820K processor hexa-core [3.3GHz, 15MB Shared Cache] 3TB 7200 RPM SATA 6G 3.5 Hard Drive 16 GB Memory NVIDIA GTX 745 4GB DDR3/ HP Wireless 802.11 a/b/g/n/ac 1x1 with Bluetooth M.2 NIC (Stone Peak 1) Windows 10 Pro/ SuperMulti DVD burner');
insert into Product(ProductName,ProductPrice,ProductQuantity,category_CAT_ID,vendor_VENDOR_SN,lockNumber,maxPerCustomer,image_link,description)values ('KDLINKS X1 Full-HD 1920*1080 165 Wide Angle Car Dashboard Camcorder with GPS, G-Sensor & WDR Superior Night Mode',169,100,2,2,0,10, 'https://images-na.ssl-images-amazon.com/images/I/41GEOZJ9aSL.jpg','Full-HD Video 1920*1080 at 30 fps, super wide 165 angle. The camera can automatically record hands-free in a continuous loop. Large 2.7" screen, super slim design. Come with 8GB micro SD card, ready to use right out of the box. Superior Night-vision by world class f1.6 Six-Glass lenses, and unique WDR (Wide Dynamic Range) video system (Similar to HDR technology in Camera) Built-in GPS module precisely record GPS data into video clips, and you can check vehicle location/speed/route on Google Map through included KDLINKS Player Software Emergency Lock Button & Accident Auto Detection Feature (G-Sensor) can lock current video file for you. One Year Warranty To Cover Any Issues. First Class best support for all customers. All emails would be replied in 24 hours, and 100% satisfaction guaranteed.');
insert into Product(ProductName,ProductPrice,ProductQuantity,category_CAT_ID,vendor_VENDOR_SN,lockNumber,maxPerCustomer,image_link,description) values ('Fossil Q Founder Silver Touchscreen Smartwatch',240,100,2,2,0,10,'https://images-na.ssl-images-amazon.com/images/I/41bhw%2BHx%2BCL.jpg','Fashionable take on wearable tech— round 46 mm case in refined stainless steel featuring a digital display dial, and brown leather band and buckle closure. Compatible with all Fossil brand 22mm straps and features customizable faces to fit your style Compatible with Android Devices 4.4+ and iOS 8.2+ / iPhone 5+ Receive display notifications like email, phone calls and texts, and social media notifications and connect to your favorite apps. Engineered with Intel Innovation');



insert into CREDENTIALS(username,password,enabled,verifyPassword)values('Jannatul','prg123',1,'prg123');
insert into CREDENTIALS(username,password,enabled,verifyPassword)values('Mihir','col123',1,'col123');

insert into authority(authority,username)values('ROLE_USER','Jannatul');
insert into authority(authority,username)values('ROLE_USER','Mihir');
  
insert into Customer(FIRSTNAME,LASTNAME,EMAIL,USERCREDENTIAL,address_id) values('Mihir','Palakurthi','mihir@gmail.com','Mihir',1);
insert into Customer(FIRSTNAME,LASTNAME,EMAIL,USERCREDENTIAL,address_id) values('Jannatul','Mou','jannatul@gmail.com','Jannatul',2);
